"","Sample","Time","Treatment","Replicate","Acidobacteria","Actinobacteria","Armatimonadetes","BRC1","Bacteroidetes","Candidatus_Saccharibacteria","Chlamydiae","Chloroflexi","Cyanobacteria","Firmicutes","Gemmatimonadetes","Latescibacteria","Nitrospirae","Planctomycetes","Proteobacteria","Spirochaetes","Thaumarchaeota","Unassigned","Verrucomicrobia","candidate_division_WPS-1","candidate_division_WPS-2"
"1","2017.8_Control_1","2017.8","Control","1",0.196811503594872,0.24220068771491,0.000937793060331354,0,0.038824632697718,0.00256330103157237,6.25195373554236e-05,0.00112535167239762,6.25195373554236e-05,0.00243826195686152,0.00218818380743983,0.00125039074710847,0.00100031259768678,0.0446389496717724,0.290090653329164,0,0.00750234448265083,0.0369490465770553,0.126602063144733,0.00468896530165677,6.25195373554236e-05
"2","2017.8_Control_2","2017.8","Control","2",0.11816192560175,0.247077211628633,0.00087527352297593,0,0.0615192247577367,0.00287589871834948,0,0.000812753985620506,0.000125039074710847,0.00406376992810253,0.00275085964363864,0.000125039074710847,0.0010628321350422,0.0230697092841513,0.331916223819942,0,0.0116286339481088,0.0414504532666457,0.149109096592685,0.00337605501719287,0
"3","2017.8_Control_3","2017.8","Control","3",0.169177868083776,0.247514848390121,0.000625195373554236,0,0.0574554548296342,0.00300093779306033,0.000125039074710847,0.00206314473272898,0,0.00256330103157237,0.00218818380743983,0.000375117224132541,0.00112535167239762,0.0328227571115973,0.322413254141917,0,0.0271959987496093,0.0382619568615192,0.0887777430447013,0.00431384807752423,0
"4","2017.8_Control_4","2017.8","Control","4",0.194435761175367,0.22375742419506,0.000125039074710847,0,0.0442013129102844,0.0023757424195061,0,0.000937793060331354,0.000125039074710847,0.00206314473272898,0.0010628321350422,0.000250078149421694,0.000625195373554236,0.0313222882150672,0.257643013441699,0,0.00718974679587371,0.0263207252266333,0.198249452954048,0.00931541106595811,0
"5","2017.8_Control_5","2017.8","Control","5",0.213504220068771,0.186370740856517,0.000250078149421694,0.000125039074710847,0.0399499843701156,0.00306345733041576,0,0.00175054704595186,6.25195373554236e-05,0.00162550797124101,0.00181306658330728,0.000437636761487965,0.0010628321350422,0.0345107846201938,0.247014692091277,0,0.0139418568302595,0.0315098468271335,0.216130040637699,0.0068771491090966,0
"6","2017.8_Control_6","2017.8","Control","6",0.147296030009377,0.272085026570802,0.000375117224132541,0.000187558612066271,0.0497655517349171,0.00356361362925914,6.25195373554236e-05,0.00181306658330728,0,0.00181306658330728,0.00350109409190372,0.000750234448265083,0.00187558612066271,0.0243826195686152,0.309221631759923,0,0.0151922475773679,0.0473272897780555,0.116974054391997,0.00381369177868084,0
"7","2017.8_Warming_1","2017.8","Warming","1",0.165739293529227,0.306720850265707,0.000437636761487965,0,0.0500156298843388,0.00281337918099406,6.25195373554236e-05,0.00243826195686152,0,0.00281337918099406,0.00181306658330728,0.000250078149421694,0.00118787120975305,0.0330103157236636,0.307283526101905,0,0.00944045014066896,0.0368865270396998,0.0750234448265081,0.00406376992810253,0
"8","2017.8_Warming_2","2017.8","Warming","2",0.152672710221944,0.294592060018755,0.0010628321350422,0.000125039074710847,0.0470772116286339,0.00306345733041576,0,0.00312597686777118,0,0.00281337918099406,0.00206314473272898,0.000375117224132541,0.0010628321350422,0.0348859018443263,0.331541106595809,0,0.0118161925601751,0.0424507658643325,0.0671459831197248,0.00412628946545796,0
"9","2017.8_Warming_3","2017.8","Warming","3",0.114285714285714,0.332478899656141,0.000687714910909659,6.25195373554236e-05,0.0395123476086276,0.00350109409190372,6.25195373554236e-05,0.00150046889653017,0,0.00225070334479525,0.0031884964051266,0.000312597686777118,0.00181306658330728,0.0223194748358862,0.283401062832134,0,0.019631134729603,0.0576430134417003,0.113222882150672,0.00412628946545796,0
"10","2017.8_Warming_4","2017.8","Warming","4",0.13579243513598,0.305095342294465,0.000500156298843389,0,0.0519537355423569,0.00306345733041575,6.25195373554236e-05,0.00275085964363864,0,0.0031884964051266,0.00268834010628321,0.000500156298843389,0.00200062519537355,0.0276961550484526,0.328227571115972,0,0.0170678336980306,0.0494529540481399,0.0671459831197248,0.00281337918099406,0
"11","2017.8_Warming_5","2017.8","Warming","5",0.118662081900594,0.325914348233822,0.000375117224132541,0,0.055517349171616,0.00368865270396999,0,0.00143794935917474,0,0.00275085964363864,0.00268834010628321,0.000187558612066271,0.00206314473272898,0.0194435761175367,0.334166927164736,0,0.0136917786808378,0.0473272897780556,0.0692091278524538,0.00287589871834948,0
"12","2017.8_Warming_6","2017.8","Warming","6",0.176555173491715,0.260456392622693,0.000375117224132541,6.25195373554236e-05,0.0403251015942482,0.00306345733041576,0,0.00118787120975305,6.25195373554236e-05,0.00225070334479525,0.00218818380743983,0.000250078149421694,0.00137542982181932,0.0357611753673022,0.288465145357923,0,0.00944045014066896,0.043701156611441,0.129728040012504,0.00475148483901219,0
"13","2019.6_Control_1","2019.6","Control","1",0.190059393560487,0.263957486714597,0.000562675836198812,0,0.0382619568615191,0.00125039074710847,6.25195373554236e-05,0.00375117224132541,0.000125039074710847,0.00456392622694592,0.00356361362925914,0.00206314473272898,0.00368865270396999,0.0325101594248203,0.200812753985619,0,0.0258830884651454,0.0747733666770864,0.149671772428884,0.00443888715223508,0
"14","2019.6_Control_2","2019.6","Control","2",0.15436073773054,0.295154735854953,0.0013129102844639,0,0.0258205689277899,0.00187558612066271,0.000125039074710847,0.00256330103157237,6.25195373554236e-05,0.00387621131603626,0.0031884964051266,0.000812753985620506,0.00243826195686152,0.0356361362925914,0.216755236011252,0,0.0278211941231635,0.0912160050015627,0.132228821506721,0.00475148483901219,0
"15","2019.6_Control_3","2019.6","Control","3",0.207064707721162,0.26445764301344,0.0010628321350422,6.25195373554236e-05,0.0319474835886214,0.00181306658330728,0,0.00431384807752423,6.25195373554236e-05,0.00368865270396999,0.00325101594248203,0.00350109409190372,0.00350109409190372,0.0308846514535792,0.187808690215691,0,0.0345107846201938,0.0905908096280085,0.128102532041263,0.00337605501719287,0
"16","2019.6_Control_4","2019.6","Control","4",0.114910909659268,0.342356986558298,0.000625195373554236,0,0.0373241638011878,0.00125039074710847,0,0.00162550797124101,0,0.00887777430447015,0.00568927789934355,0.00137542982181932,0.00406376992810253,0.019193497968115,0.229384182557048,0,0.0416380118787121,0.102469521725539,0.0864020006251952,0.00275085964363864,6.25195373554236e-05
"17","2019.6_Control_5","2019.6","Control","5",0.230009377930602,0.191872460143794,0.00118787120975305,6.25195373554236e-05,0.0203188496405127,0.00156298843388559,6.25195373554236e-05,0.00143794935917474,0,0.00387621131603626,0.0023757424195061,0.00337605501719287,0.00306345733041575,0.0373866833385432,0.140731478587058,0,0.082213191622382,0.0767114723351043,0.197936855267271,0.0055642388246327,0.000250078149421694
"18","2019.6_Control_6","2019.6","Control","6",0.213441700531415,0.240450140668958,0.000437636761487965,0.000125039074710847,0.0303219756173804,0.0023757424195061,0,0.00200062519537355,6.25195373554236e-05,0.00506408252578931,0.0031884964051266,0.0021256642700844,0.0034385745545483,0.0337605501719287,0.176180056267583,0,0.0311972491403564,0.0797124101281648,0.171741169115348,0.00437636761487965,0
"19","2019.6_Warming_1","2019.6","Warming","1",0.257392935292278,0.243826195686151,0.000562675836198812,6.25195373554236e-05,0.0214442013129103,0.00150046889653017,0.000125039074710847,0.00231322288215067,0.000125039074710847,0.00300093779306033,0.00225070334479525,0.00306345733041576,0.00375117224132541,0.0310096905282901,0.146358236949046,0,0.0215067208502657,0.0699593623007188,0.186433260393873,0.00525164113785558,6.25195373554236e-05
"20","2019.6_Warming_2","2019.6","Warming","2",0.162675836198811,0.330915911222256,0.0013129102844639,0,0.0218193185370428,0.00162550797124101,0,0.00206314473272898,0,0.00456392622694592,0.00493904345107846,0.0045014066895905,0.0076899030947171,0.0235698655829947,0.195561112847764,6.25195373554236e-05,0.0158799624882776,0.0829634260706468,0.13360425132854,0.00625195373554236,0
"21","2019.6_Warming_3","2019.6","Warming","3",0.163676148796498,0.291841200375116,0.00087527352297593,0,0.0233823069709284,0.00125039074710847,0.000125039074710847,0.00162550797124101,6.25195373554236e-05,0.00575179743669897,0.00306345733041575,0.00168802750859644,0.00400125039074711,0.021694279462332,0.171241012816504,0,0.0230697092841513,0.0760862769615502,0.205689277899343,0.00481400437636762,6.25195373554236e-05
"22","2019.6_Warming_4","2019.6","Warming","4",0.25845576742732,0.214316974054391,0.000312597686777118,6.25195373554236e-05,0.0201312910284464,0.000562675836198812,0,0.00156298843388559,0,0.00262582056892779,0.00337605501719287,0.00368865270396999,0.00331353547983745,0.0362613316661456,0.141919349796811,0,0.0321975617380431,0.0747733666770864,0.200750234448265,0.00562675836198812,6.25195373554236e-05
"23","2019.6_Warming_5","2019.6","Warming","5",0.157674273210378,0.27389809315411,0.000187558612066271,6.25195373554236e-05,0.0218818380743983,0.00125039074710847,0,0.0010628321350422,0,0.00518912160050016,0.00250078149421694,0.000937793060331354,0.00312597686777118,0.024507658643326,0.167864957799311,0,0.0118787120975305,0.0622694592060017,0.26051891216005,0.00518912160050016,0
"24","2019.6_Warming_6","2019.6","Warming","6",0.141606752110034,0.309909346670833,0.000437636761487965,0.000125039074710847,0.0426383244763988,0.0013129102844639,0,0.00187558612066271,6.25195373554236e-05,0.005314160675211,0.00300093779306033,0.00118787120975305,0.00418880900281338,0.0200062519537355,0.252266333229132,0,0.0444513910597062,0.064395123476086,0.103532353860581,0.00368865270396999,0
"25","2019.9_Control_1","2019.9","Control","1",0.186683338543294,0.196874023132228,0.00087527352297593,0.000187558612066271,0.0273835573616755,0.00156298843388559,0,0.00175054704595186,0,0.00406376992810253,0.00256330103157237,0.00175054704595186,0.00306345733041575,0.0325101594248203,0.179743669896842,0,0.0433260393873085,0.0680212566427006,0.244638949671772,0.00500156298843389,0
"26","2019.9_Control_2","2019.9","Control","2",0.16842763363551,0.241262894654579,0.0013129102844639,6.25195373554236e-05,0.0213816817755549,0.00156298843388559,6.25195373554236e-05,0.00112535167239762,0,0.00362613316661457,0.00412628946545796,0.00175054704595186,0.00393873085339169,0.0291341044076274,0.18318224445139,0,0.0150046889653017,0.0857142857142854,0.234323226008127,0.00393873085339169,6.25195373554236e-05
"27","2019.9_Control_3","2019.9","Control","3",0.195498593310409,0.245764301344169,0.000812753985620506,0,0.027008440137543,0.000937793060331354,0,0.00331353547983745,6.25195373554236e-05,0.00362613316661457,0.00393873085339169,0.00225070334479525,0.00287589871834948,0.0281337918099406,0.197436698968427,0,0.0320100031259769,0.0885901844326349,0.16461394185683,0.00312597686777118,0
"28","2019.9_Control_4","2019.9","Control","4",0.208690215692403,0.218255704907783,0.000562675836198812,0.000187558612066271,0.0215692403876211,0.000750234448265083,0,0.0023757424195061,0.000125039074710847,0.00275085964363864,0.00243826195686152,0.00312597686777118,0.00225070334479525,0.0301969365426696,0.139668646452016,0,0.0298843388558925,0.0782119412316346,0.254204438887152,0.00462644576430135,0.000125039074710847
"29","2019.9_Control_5","2019.9","Control","5",0.183807439824945,0.225633010315723,0.000812753985620506,6.25195373554236e-05,0.0175054704595186,0.00112535167239762,6.25195373554236e-05,0.00200062519537355,0,0.00512660206314473,0.00368865270396999,0.00293841825570491,0.00406376992810253,0.0278837136605189,0.174554548296342,0,0.0444513910597062,0.0894029384182553,0.211691153485464,0.00518912160050016,0
"30","2019.9_Control_6","2019.9","Control","6",0.162363238512034,0.259706158174428,0.000562675836198812,0.000125039074710847,0.0300718974679587,0.00181306658330728,0,0.00193810565801813,6.25195373554236e-05,0.00431384807752423,0.00293841825570491,0.00206314473272898,0.00381369177868084,0.0278837136605189,0.212628946545794,0,0.0362613316661457,0.107596123788684,0.142669584245076,0.0031884964051266,0
"31","2019.9_Warming_1","2019.9","Warming","1",0.167114723351047,0.267708658955922,0.000187558612066271,0,0.0280712722725852,0.00143794935917474,0,0.00325101594248203,6.25195373554236e-05,0.00268834010628321,0.00231322288215067,0.00181306658330728,0.00381369177868084,0.0307596123788684,0.18687089715536,0,0.0416380118787121,0.0762738355736165,0.182619568615192,0.00337605501719287,0
"32","2019.9_Warming_2","2019.9","Warming","2",0.12472647702407,0.31459831197249,0.000625195373554236,0,0.0234448265082838,0.00100031259768678,0.000125039074710847,0.00143794935917474,6.25195373554236e-05,0.00350109409190372,0.00406376992810253,0.00175054704595186,0.00400125039074711,0.0211316036261332,0.216942794623319,0,0.0358862144420131,0.078712097530478,0.165051578618318,0.00293841825570491,0
"33","2019.9_Warming_3","2019.9","Warming","3",0.141356673960612,0.241950609565488,0.000812753985620506,0,0.015942482025633,0.00125039074710847,0.000125039074710847,0.00412628946545796,0,0.00400125039074711,0.00362613316661457,0.00218818380743983,0.0031884964051266,0.025382932166302,0.167802438261956,0,0.0438261956861519,0.076648952797749,0.264145045326664,0.00356361362925914,6.25195373554236e-05
"34","2019.9_Warming_4","2019.9","Warming","4",0.167552360112535,0.200375117224132,0.00125039074710847,0,0.0124413879337293,0.00150046889653017,0.000125039074710847,0.00325101594248203,0,0.00368865270396999,0.00306345733041576,0.00175054704595186,0.00293841825570491,0.0283213504220069,0.130978430759612,0,0.0177555486089403,0.0695842450765862,0.350422006877149,0.00487652391372304,0.000125039074710847
"35","2019.9_Warming_5","2019.9","Warming","5",0.220756486401999,0.225195373554234,0.000312597686777118,0,0.0266333229134104,0.00143794935917474,0,0.00287589871834948,0.000125039074710847,0.00168802750859644,0.00218818380743982,0.0021256642700844,0.00218818380743982,0.0372616442638324,0.184745232885276,0,0.0640825257893092,0.0778993435448575,0.145608002500781,0.00487652391372304,0
"36","2019.9_Warming_6","2019.9","Warming","6",0.15573616755236,0.199624882775867,0.00137542982181932,0,0.0150672085026571,0.00100031259768678,0.000125039074710847,0.00193810565801813,0,0.00331353547983745,0.0023757424195061,0.00275085964363864,0.00243826195686152,0.0220068771491091,0.139731165989371,0,0.0317599249765552,0.0795873710534539,0.336855267271022,0.00418880900281338,0.000125039074710847
"37","2020.6_Control_1","2020.6","Control","1",0.192685214129415,0.214316974054391,0.000375117224132541,0,0.0466395748671459,0.00087527352297593,6.25195373554236e-05,0.00231322288215067,0,0.00693966864645202,0.00362613316661457,0.00187558612066271,0.00481400437636762,0.0294467020944045,0.236386370740855,0,0.0218193185370428,0.0763363551109719,0.157986870897155,0.0034385745545483,6.25195373554236e-05
"38","2020.6_Control_2","2020.6","Control","2",0.183557361675523,0.223944982807126,0.00087527352297593,0,0.0410753360425132,0.00125039074710847,0,0.00206314473272898,6.25195373554236e-05,0.00693966864645202,0.00400125039074711,0.00206314473272898,0.00593935604876524,0.0300718974679587,0.245576742732103,6.25195373554236e-05,0.0253204126289465,0.0848390121913095,0.13798061894342,0.00437636761487965,0
"39","2020.6_Control_3","2020.6","Control","3",0.154110659581118,0.229696780243825,0.000562675836198812,0.000125039074710847,0.0346358236949046,0.00100031259768678,0,0.00137542982181932,0,0.00994060643951235,0.00543919974992185,0.00231322288215067,0.0066270709596749,0.0210690840887777,0.235698655829946,0,0.034385745545483,0.0850265708033758,0.17267896217568,0.00525164113785558,6.25195373554236e-05
"40","2020.6_Control_4","2020.6","Control","4",0.129040325101594,0.267646139418567,0.000812753985620506,0,0.0420131291028445,0.00143794935917474,6.25195373554236e-05,0.00118787120975305,0,0.0066270709596749,0.00675211003438575,0.000937793060331354,0.00568927789934355,0.0188809002813379,0.318912160050014,0.000125039074710847,0.0120662707095967,0.0755236011253515,0.109096592685214,0.00312597686777118,6.25195373554236e-05
"41","2020.6_Control_5","2020.6","Control","5",0.169928102532041,0.248702719599874,0.000687714910909659,0,0.0429509221631759,0.0013129102844639,0,0.00281337918099406,0,0.00587683651140982,0.00356361362925914,0.00193810565801813,0.00475148483901219,0.0318224445139106,0.268834010628319,0,0.0275711159737418,0.0780869021569239,0.108596436386371,0.00256330103157237,0
"42","2020.6_Control_6","2020.6","Control","6",0.213691778680837,0.180243826195685,0.000750234448265083,0,0.0271334792122538,0.000625195373554236,0,0.00168802750859644,6.25195373554236e-05,0.00787746170678337,0.00368865270396999,0.00225070334479525,0.00456392622694592,0.0288215067208502,0.186058143169739,0,0.0156924038762113,0.0647077211628632,0.256892778993435,0.00493904345107846,0.000312597686777118
"43","2020.6_Warming_1","2020.6","Warming","1",0.188558924663957,0.200875273522975,0.000437636761487965,0,0.0395748671459831,0.00162550797124101,0,0.00331353547983745,0,0.00431384807752423,0.00312597686777118,0.0034385745545483,0.00587683651140982,0.0293841825570491,0.222819631134728,0,0.0725226633322913,0.0798999687402311,0.140731478587058,0.00350109409190372,0
"44","2020.6_Warming_2","2020.6","Warming","2",0.154673335417317,0.232885276648952,0.000500156298843389,0,0.0378243201000312,0.0010628321350422,6.25195373554236e-05,0.00175054704595186,0.000125039074710847,0.00400125039074711,0.00550171928727728,0.00312597686777118,0.00562675836198812,0.0250078149421694,0.239262269459205,6.25195373554236e-05,0.0401375429821819,0.103469834323226,0.142044388871522,0.00281337918099406,6.25195373554236e-05
"45","2020.6_Warming_3","2020.6","Warming","3",0.178305720537667,0.236011253516723,0.000375117224132541,0,0.0303844951547358,0.00168802750859644,6.25195373554236e-05,0.00243826195686152,0,0.00475148483901219,0.00612691466083151,0.0023757424195061,0.00368865270396999,0.0218193185370428,0.205751797436698,6.25195373554236e-05,0.0210690840887777,0.0791497342919659,0.200437636761487,0.00543919974992185,6.25195373554236e-05
"46","2020.6_Warming_4","2020.6","Warming","4",0.156736480150046,0.233760550171928,0.000562675836198812,6.25195373554236e-05,0.0295717411691153,0.00112535167239762,0,0.0013129102844639,6.25195373554236e-05,0.00475148483901219,0.00493904345107846,0.00325101594248203,0.00500156298843389,0.0268208815254767,0.213191622381993,0,0.0258205689277899,0.07827446076899,0.210065645514223,0.00468896530165677,0
"47","2020.6_Warming_5","2020.6","Warming","5",0.142794623319787,0.233823069709283,0.000750234448265083,6.25195373554236e-05,0.0310096905282901,0.000500156298843389,0.000125039074710847,0.00200062519537355,0,0.0034385745545483,0.00500156298843389,0.0023757424195061,0.00375117224132541,0.0223194748358862,0.229071584870271,0,0.0440762738355736,0.116911534854642,0.158236949046577,0.00375117224132542,0
"48","2020.6_Warming_6","2020.6","Warming","6",0.137730540793997,0.231947483588621,0.000687714910909659,6.25195373554236e-05,0.0369490465770553,0.00112535167239762,0,0.00218818380743982,6.25195373554236e-05,0.00581431697405439,0.00656455142231948,0.00381369177868084,0.00712722725851829,0.018005626758362,0.250453266645826,0,0.0275711159737418,0.107033447952485,0.159674898405752,0.0031884964051266,0
"49","2020.9_Control_1","2020.9","Control","1",0.134979681150359,0.290528290090652,0.000750234448265083,0.000125039074710847,0.0279462331978743,0.00100031259768678,0,0.0023757424195061,0,0.0103157236636449,0.00225070334479525,0.000750234448265083,0.00387621131603626,0.0201938105658018,0.219005939356048,0,0.0309471709909347,0.101031572366364,0.151297280400125,0.00262582056892779,0
"50","2020.9_Control_2","2020.9","Control","2",0.17730540793998,0.267833698030634,0.000750234448265083,0,0.0230697092841513,0.00168802750859644,6.25195373554236e-05,0.0023757424195061,0,0.024507658643326,0.00375117224132542,0.00175054704595186,0.00325101594248203,0.0213816817755549,0.190121913097842,0,0.0347608627696155,0.0806502031884962,0.163488590184432,0.00312597686777118,0.000125039074710847
"51","2020.9_Control_3","2020.9","Control","3",0.185557986870896,0.290403251015941,0.00100031259768678,6.25195373554236e-05,0.0404501406689589,0.0021256642700844,0,0.00206314473272898,6.25195373554236e-05,0.00819005939356049,0.00362613316661457,0.00250078149421694,0.00287589871834948,0.0226945920600188,0.245514223194747,0,0.0235073460456393,0.0717099093466706,0.0942794623319786,0.00337605501719287,0
"52","2020.9_Control_4","2020.9","Control","4",0.131916223819943,0.301281650515785,0.000937793060331354,0,0.0293841825570491,0.000937793060331354,0,0.00156298843388559,0,0.00906533291653642,0.00456392622694592,0.0010628321350422,0.00368865270396999,0.017567989996874,0.244951547358548,0,0.020068771491091,0.0963426070647074,0.133979368552672,0.00262582056892779,6.25195373554236e-05
"53","2020.9_Control_5","2020.9","Control","5",0.204251328540168,0.262019381056579,0.000625195373554236,0,0.03469834323226,0.00112535167239762,6.25195373554236e-05,0.00256330103157237,6.25195373554236e-05,0.00406376992810253,0.00368865270396999,0.00150046889653017,0.0023757424195061,0.0238199437324164,0.225445451703656,0,0.0239449828071272,0.066895904970303,0.138543294779618,0.0042513285401688,6.25195373554236e-05
"54","2020.9_Control_6","2020.9","Control","6",0.206752110034385,0.24738980931541,0.000500156298843389,0,0.0433260393873085,0.00125039074710847,0,0.0013129102844639,6.25195373554236e-05,0.00587683651140982,0.00306345733041576,0.00175054704595186,0.00306345733041575,0.0307596123788684,0.21638011878712,0,0.0185057830572054,0.0587058455767426,0.157299155986245,0.00400125039074711,0
"55","2020.9_Warming_1","2020.9","Warming","1",0.196373866833385,0.238386995936229,0.000312597686777118,0,0.0271959987496093,0.000562675836198812,6.25195373554236e-05,0.00206314473272898,0,0.00418880900281338,0.0034385745545483,0.00262582056892779,0.00443888715223507,0.0207564864020006,0.19574867145983,0,0.0555173491716161,0.0763988746483273,0.170178180681463,0.00175054704595186,0
"56","2020.9_Warming_2","2020.9","Warming","2",0.150859643638637,0.278211941231634,0.000250078149421694,6.25195373554236e-05,0.0210065645514223,0.00100031259768678,0.000250078149421694,0.00181306658330728,6.25195373554236e-05,0.00618943419818694,0.00306345733041576,0.00181306658330728,0.00337605501719287,0.0183807439824945,0.185432947796186,0,0.0232572678962176,0.0708971553610501,0.229946858393248,0.00406376992810253,6.25195373554236e-05
"57","2020.9_Warming_3","2020.9","Warming","3",0.16761487964989,0.268333854329477,6.25195373554236e-05,6.25195373554236e-05,0.0295092216317599,0.000562675836198812,0.000125039074710847,0.00181306658330728,6.25195373554236e-05,0.00781494216942795,0.00306345733041576,0.0013129102844639,0.00325101594248203,0.0250703344795248,0.23482338230697,0,0.0406376992810253,0.0773366677086587,0.135292278837136,0.00325101594248203,0
"58","2020.9_Warming_4","2020.9","Warming","4",0.207939981244138,0.238637074085651,0.000250078149421694,6.25195373554236e-05,0.0201938105658018,0.000937793060331353,0.000125039074710847,0.00187558612066271,0,0.00462644576430135,0.00225070334479525,0.0023757424195061,0.0031884964051266,0.021694279462332,0.174054391997498,0,0.024507658643326,0.0753360425132852,0.218755861206627,0.0031884964051266,0
"59","2020.9_Warming_5","2020.9","Warming","5",0.112660206314473,0.318537042825882,0.000812753985620506,0,0.0235073460456393,0.000687714910909659,0.000125039074710847,0.00181306658330728,0,0.0076899030947171,0.0042513285401688,0.00156298843388559,0.00412628946545796,0.0123788683963738,0.247889965614253,0,0.0213191622381994,0.0848390121913095,0.155423569865583,0.00225070334479525,0.000125039074710847
"60","2020.9_Warming_6","2020.9","Warming","6",0.159674898405751,0.269709284151296,0.000750234448265083,6.25195373554236e-05,0.0274460768990309,0.000812753985620506,0,0.00100031259768678,0,0.00869021569240388,0.00400125039074711,0.00118787120975305,0.00325101594248203,0.021256642700844,0.218943419818692,0,0.0235073460456393,0.0839012191309781,0.173116598937167,0.00268834010628321,0
"61","2021.6_Control_1","2021.6","Control","1",0.212816505157861,0.151672397624257,0.000187558612066271,0,0.0240075023444827,0.000812753985620506,6.25195373554236e-05,0.00262582056892779,0.000125039074710847,0.00518912160050016,0.00262582056892779,0.00243826195686152,0.00256330103157237,0.0292591434823382,0.158924663957486,0,0.017567989996874,0.058643326039387,0.323913723038449,0.00656455142231948,0
"62","2021.6_Control_2","2021.6","Control","2",0.143669896842763,0.249265395436073,0.000375117224132541,0,0.0229446702094404,0.00300093779306033,0.000125039074710847,0.00118787120975305,6.25195373554236e-05,0.00787746170678337,0.00837761800562676,0.00206314473272898,0.00568927789934355,0.0231947483588621,0.251015942482025,0,0.0111909971866208,0.0782119412316346,0.187746170678337,0.00400125039074711,0
"63","2021.6_Control_3","2021.6","Control","3",0.19124726477024,0.218443263519849,0.000250078149421694,0,0.0380118787120974,0.00137542982181932,0,0.00243826195686152,0.000125039074710847,0.00393873085339169,0.00331353547983745,0.00350109409190372,0.00387621131603626,0.0287589871834948,0.231509846827132,0,0.0273835573616755,0.0892153798061891,0.153485464207564,0.00312597686777118,0
"64","2021.6_Control_4","2021.6","Control","4",0.128352610190684,0.272585182869646,0.000375117224132541,0,0.0443888715223507,0.00156298843388559,6.25195373554236e-05,0.00118787120975305,0,0.00581431697405439,0.00668959049703033,0.000750234448265083,0.00581431697405439,0.0158799624882775,0.302594560800248,0,0.0285089090340731,0.0810878399499841,0.102657080337605,0.00168802750859644,0
"65","2021.6_Control_5","2021.6","Control","5",0.126852141294154,0.244076273835573,0.000500156298843389,0,0.0201938105658018,0.00143794935917474,0.000187558612066271,0.00137542982181932,0,0.0124413879337293,0.00756486402000625,0.00137542982181932,0.00368865270396999,0.0141919349796811,0.236698968427632,6.25195373554236e-05,0.0463894967177243,0.0760237574241948,0.203876211316036,0.00300093779306033,6.25195373554236e-05
"66","2021.6_Control_6","2021.6","Control","6",0.221631759924976,0.190184432635198,0.000125039074710847,0,0.0310096905282901,0.00137542982181932,0.000125039074710847,0.00187558612066271,0,0.00381369177868084,0.00487652391372304,0.0034385745545483,0.00468896530165677,0.0256955298530791,0.183494842138167,0,0.028633948108784,0.0795248515160985,0.214442013129102,0.00506408252578931,0
"67","2021.6_Warming_1","2021.6","Warming","1",0.155423569865583,0.214442013129102,0.00137542982181932,0,0.00656455142231948,0.000312597686777118,0,0.00206314473272898,0,0.00956548921537981,0.00362613316661457,0.00819005939356049,0.00393873085339169,0.0226320725226633,0.12703969990622,0,0.0283213504220069,0.109409190371991,0.300906533291653,0.00612691466083151,6.25195373554236e-05
"68","2021.6_Warming_2","2021.6","Warming","2",0.160675211003438,0.196811503594873,0.00175054704595186,6.25195373554236e-05,0.00612691466083151,0.000187558612066271,0,0.00593935604876524,0,0.00831509846827134,0.00337605501719287,0.0108158799624883,0.00493904345107846,0.023319787433573,0.135042200687714,0,0.0220693966864645,0.122350734604564,0.292841512972804,0.00518912160050016,0.000187558612066271
"69","2021.6_Warming_3","2021.6","Warming","3",0.0654579556111283,0.354860894029383,0.00087527352297593,0,0.0143794935917474,6.25195373554236e-05,0,0.00162550797124101,0,0.0149421694279462,0.00668959049703032,0.00193810565801813,0.00512660206314473,0.00650203188496405,0.263207252266332,0,0.0117536730228196,0.145733041575492,0.105658018130666,0.00112535167239762,6.25195373554236e-05
"70","2021.6_Warming_4","2021.6","Warming","4",0.195311034698343,0.147233510472022,0.000750234448265083,0,0.00675211003438575,6.25195373554236e-05,0,0.00331353547983745,0,0.00550171928727728,0.00262582056892779,0.00287589871834948,0.00350109409190372,0.0187558612066271,0.107471084713973,0,0.0185057830572054,0.0935292278837133,0.38743357299156,0.00631447327289778,6.25195373554236e-05
"71","2021.6_Warming_5","2021.6","Warming","5",0.156173804313848,0.231384807752422,0.00125039074710847,6.25195373554236e-05,0.00937793060331353,0.000187558612066271,0,0.00250078149421694,0,0.00881525476711473,0.00431384807752423,0.00575179743669897,0.00325101594248203,0.0205064082525789,0.154610815879962,0,0.020068771491091,0.0918412003751169,0.284713973116599,0.00493904345107846,0.000250078149421694
"72","2021.6_Warming_6","2021.6","Warming","6",0.198812128790246,0.138418255704907,0.000625195373554236,0,0.00718974679587371,0.000312597686777118,6.25195373554236e-05,0.00262582056892779,0,0.00568927789934355,0.00256330103157237,0.00362613316661457,0.00312597686777118,0.0206314473272898,0.081212879024695,0,0.0220693966864645,0.059956236323851,0.447577367927477,0.00550171928727728,0
"73","2021.9_Control_1","2021.9","Control","1",0.181931853704282,0.289152860268832,0.00118787120975305,0,0.0353860581431697,0.00206314473272898,0,0.00300093779306033,0,0.00293841825570491,0.00612691466083151,0.00287589871834948,0.00468896530165677,0.0271959987496092,0.221256642700842,0,0.0163175992497655,0.0775867458580803,0.124476398874648,0.00381369177868084,0
"74","2021.9_Control_2","2021.9","Control","2",0.189184120037511,0.223944982807127,0.000687714910909659,0,0.0219443576117537,0.00150046889653017,0,0.00250078149421694,0,0.00243826195686152,0.00406376992810253,0.00412628946545796,0.00393873085339169,0.0364488902782119,0.174366989684275,0,0.0120662707095967,0.0939043451078457,0.223507346045639,0.00537668021256643,0
"75","2021.9_Control_3","2021.9","Control","3",0.287339793685525,0.193122850890903,0.000312597686777118,6.25195373554236e-05,0.0202563301031572,0.0013129102844639,6.25195373554236e-05,0.00206314473272898,6.25195373554236e-05,0.00200062519537355,0.00206314473272898,0.00600187558612066,0.00350109409190372,0.0338855892466395,0.138543294779618,0,0.0291966239449828,0.0814629571741167,0.194560800250078,0.00418880900281338,0
"76","2021.9_Control_4","2021.9","Control","4",0.222006877149108,0.163551109721787,0.000375117224132541,6.25195373554236e-05,0.0140043763676148,0.000625195373554236,0,0.00162550797124101,0,0.00118787120975305,0.00281337918099406,0.0031884964051266,0.00331353547983745,0.0276961550484526,0.118537042825882,0,0.0146295717411691,0.0745232885276647,0.342294467020943,0.00950296967802438,6.25195373554236e-05
"77","2021.9_Control_5","2021.9","Control","5",0.242513285401687,0.173929352922788,0.00118787120975305,0,0.0168802750859644,0.00200062519537355,0,0.00162550797124101,0,0.00175054704595186,0.00375117224132542,0.00400125039074711,0.00293841825570491,0.039574867145983,0.14629571741169,0,0.0707721162863395,0.0755861206627068,0.211316036261331,0.00562675836198813,0.000250078149421694
"78","2021.9_Control_6","2021.9","Control","6",0.175242263207252,0.24738980931541,0.000750234448265083,0,0.0378868396373866,0.00256330103157237,0,0.00225070334479525,0,0.00262582056892779,0.0034385745545483,0.00250078149421694,0.00393873085339169,0.0263207252266333,0.212879024695216,6.25195373554236e-05,0.0476398874648328,0.0979681150359484,0.133291653641763,0.00325101594248203,0
"79","2021.9_Warming_1","2021.9","Warming","1",0.134354485776805,0.244763988746483,0.000500156298843389,6.25195373554236e-05,0.0118787120975305,0.000500156298843389,0,0.00325101594248203,0,0.00787746170678337,0.00350109409190372,0.0042513285401688,0.00456392622694592,0.0113785557986871,0.177930603313535,0.000125039074710847,0.0350109409190372,0.145420443888715,0.212691466083151,0.00193810565801813,0
"80","2021.9_Warming_2","2021.9","Warming","2",0.0579556111284775,0.364989059080962,0.000375117224132541,0,0.0113785557986871,0.000375117224132541,0,0.00225070334479525,0,0.0181306658330728,0.00550171928727727,0.00181306658330728,0.00693966864645202,0.00368865270396999,0.285276648952797,0,0.0079399812441388,0.137480462644576,0.0948421381681774,0.000812753985620506,0.000250078149421694
"81","2021.9_Warming_3","2021.9","Warming","3",0.152547671147233,0.243388558924663,0.000937793060331354,0,0.0109409190371991,0.000250078149421694,6.25195373554236e-05,0.00268834010628321,0,0.0079399812441388,0.00456392622694592,0.00400125039074711,0.00456392622694592,0.0169427946233198,0.175242263207252,6.25195373554236e-05,0.0364488902782119,0.10559549859331,0.231509846827133,0.00231322288215067,0
"82","2021.9_Warming_4","2021.9","Warming","4",0.149546733354173,0.223694904657705,0.00100031259768678,0,0.00750234448265083,6.25195373554236e-05,0,0.00356361362925914,6.25195373554236e-05,0.00925289152860269,0.00256330103157237,0.00612691466083151,0.00543919974992185,0.0144420131291028,0.142857142857142,6.25195373554236e-05,0.0236949046577055,0.11597374179431,0.291153485464207,0.00300093779306033,0
"83","2021.9_Warming_5","2021.9","Warming","5",0.162488277586745,0.170178180681462,0.000437636761487965,0,0.00681462957174117,0.000562675836198812,0,0.0031884964051266,6.25195373554236e-05,0.00475148483901219,0.00243826195686152,0.00356361362925914,0.00168802750859644,0.0128165051578618,0.101781806814629,0,0.012253829321663,0.0783369803063455,0.434635823694904,0.00368865270396999,0.000312597686777118
"84","2021.9_Warming_6","2021.9","Warming","6",0.0773991872460141,0.325351672397623,0.000937793060331354,0,0.019631134729603,0.000312597686777118,6.25195373554236e-05,0.00162550797124101,0,0.0126289465457956,0.00543919974992185,0.00100031259768678,0.00593935604876524,0.00531416067521101,0.269334166927163,0,0.00825257893091591,0.12472647702407,0.141106595811191,0.000687714910909659,0.000250078149421694
"85","2022.6_Control_1","2022.6","Control","1",0.178930915911222,0.23919974992185,0.000937793060331354,0,0.0363863707408565,0.00112535167239762,0,0.00350109409190372,0,0.0098155673648015,0.005314160675211,0.00231322288215067,0.00656455142231948,0.0286964676461394,0.241200375117223,0,0.0200062519537355,0.0912160050015626,0.131666145670522,0.00312597686777118,0
"86","2022.6_Control_2","2022.6","Control","2",0.0884026258205687,0.284151297280399,0.000187558612066271,0,0.0615817442950921,0.00193810565801813,0,0.0010628321350422,0,0.00944045014066896,0.0079399812441388,0.000812753985620506,0.00712722725851829,0.0140043763676149,0.358174429509219,6.25195373554236e-05,0.00681462957174117,0.0999062206939665,0.0562675836198812,0.0021256642700844,0
"87","2022.6_Control_3","2022.6","Control","3",0.173991872460143,0.240075023444826,0.000687714910909659,0,0.0340106283213504,0.00125039074710847,0,0.00200062519537355,0,0.00606439512347609,0.0034385745545483,0.0023757424195061,0.00575179743669897,0.0291341044076274,0.239199749921849,0,0.0336355110972179,0.0919662394498278,0.133416692716474,0.00300093779306033,0
"88","2022.6_Control_4","2022.6","Control","4",0.167552360112535,0.24220068771491,0.000375117224132541,6.25195373554236e-05,0.036761487964989,0.000562675836198812,6.25195373554236e-05,0.00275085964363864,0,0.00656455142231948,0.00381369177868084,0.00381369177868084,0.0066270709596749,0.0214442013129103,0.255454829634259,0,0.035573616755236,0.0970928415129726,0.11734917161613,0.00193810565801813,0
"89","2022.6_Control_5","2022.6","Control","5",0.157486714598311,0.267521100343856,0.000437636761487965,6.25195373554236e-05,0.0317599249765552,0.00162550797124101,6.25195373554236e-05,0.00181306658330728,0,0.0115661144107534,0.00518912160050016,0.00193810565801813,0.00537668021256643,0.0218818380743982,0.254329477961862,0,0.0333854329477962,0.0855267271022192,0.117099093466708,0.00293841825570491,0
"90","2022.6_Control_6","2022.6","Control","6",0.205439199749921,0.260268834010627,0.000500156298843389,6.25195373554236e-05,0.0365739293529227,0.00125039074710847,0.000187558612066271,0.00218818380743983,0.000125039074710847,0.00525164113785558,0.00412628946545796,0.0023757424195061,0.00550171928727727,0.0271959987496092,0.230697092841512,0,0.0187558612066271,0.086089402938418,0.109909346670835,0.00350109409190372,0
"91","2022.6_Warming_1","2022.6","Warming","1",0.146420756486401,0.193247889965613,0.00118787120975305,0,0.00643951234760863,0.000562675836198812,0.000125039074710847,0.0031884964051266,0,0.00693966864645202,0.0031884964051266,0.00506408252578931,0.00400125039074711,0.0203813691778681,0.13210378243201,0,0.0206314473272898,0.0985933104095027,0.353297905595498,0.00437636761487965,0.000250078149421694
"92","2022.6_Warming_2","2022.6","Warming","2",0.147358549546733,0.179306033135354,0.0010628321350422,0,0.00606439512347609,0.000250078149421694,0,0.00306345733041575,0,0.0079399812441388,0.00525164113785558,0.00518912160050016,0.00381369177868084,0.0221944357611754,0.149671772428883,0,0.0280712722725852,0.121975617380431,0.314660831509846,0.00362613316661457,0.000500156298843389
"93","2022.6_Warming_3","2022.6","Warming","3",0.0672085026570802,0.348046264457642,0.000687714910909659,0,0.0198186933416693,0.000312597686777118,0,0.0010628321350422,0,0.0098155673648015,0.00587683651140982,0.00243826195686152,0.00668959049703032,0.0079399812441388,0.270522038136916,0,0.00987808690215693,0.150859643638637,0.0977805564238823,0.0010628321350422,0
"94","2022.6_Warming_4","2022.6","Warming","4",0.155486089402938,0.233260393873085,0.00143794935917474,0,0.00862769615504845,0.000375117224132541,6.25195373554236e-05,0.00300093779306033,0,0.00931541106595811,0.00575179743669897,0.00543919974992185,0.00406376992810253,0.0206314473272898,0.157986870897155,0,0.0213191622381994,0.12403876211316,0.245014066895905,0.00400125039074711,0.000187558612066271
"95","2022.6_Warming_5","2022.6","Warming","5",0.202125664270084,0.100531416067521,0.00087527352297593,0,0.00493904345107846,6.25195373554236e-05,0,0.00581431697405439,0,0.00350109409190372,0.00200062519537355,0.00456392622694592,0.00262582056892779,0.0229446702094404,0.0720225070334477,6.25195373554236e-05,0.0148796498905908,0.0757111597374177,0.48046264457643,0.0066270709596749,0.000250078149421694
"96","2022.6_Warming_6","2022.6","Warming","6",0.135604876523913,0.214442013129102,0.00112535167239762,0,0.00700218818380744,0.000625195373554236,0,0.00300093779306033,0,0.0055642388246327,0.00312597686777118,0.00475148483901219,0.00412628946545796,0.0182557049077837,0.154735854954673,0,0.0193810565801813,0.114035636136292,0.30997186620819,0.00306345733041576,0.00118787120975305
"97","2022.9_Control_1","2022.9","Control","1",0.175304782744607,0.234198186933416,0.000187558612066271,0,0.0463269771803688,0.00125039074710847,0.000125039074710847,0.00287589871834948,0,0.00462644576430135,0.00268834010628321,0.0021256642700844,0.00475148483901219,0.0347608627696154,0.20900281337918,0,0.06051891216005,0.062769615504845,0.154923413566739,0.00356361362925915,0
"98","2022.9_Control_2","2022.9","Control","2",0.135729915598624,0.257830572053766,0.000375117224132541,6.25195373554236e-05,0.0468271334792121,0.00200062519537355,0.000125039074710847,0.0010628321350422,0,0.00675211003438575,0.00568927789934355,0.00131291028446389,0.00512660206314473,0.0215067208502657,0.263457330415753,0,0.0304470146920913,0.0767739918724599,0.142231947483588,0.00268834010628321,0
"99","2022.9_Control_3","2022.9","Control","3",0.216130040637698,0.249077836824006,0.000250078149421694,0,0.030259456080025,0.00143794935917474,0,0.00175054704595186,0,0.00581431697405439,0.00356361362925914,0.00181306658330728,0.00481400437636761,0.0350734604563926,0.179180994060643,0,0.0248202563301032,0.0668333854329476,0.175867458580806,0.0031884964051266,0.000125039074710847
"100","2022.9_Control_4","2022.9","Control","4",0.142419506095654,0.262081900593934,0.000250078149421694,0,0.0386370740856517,0.00156298843388559,6.25195373554236e-05,0.00175054704595186,6.25195373554236e-05,0.00443888715223507,0.00325101594248203,0.00175054704595186,0.00337605501719287,0.0243826195686152,0.222694592060017,0,0.0352610190684589,0.0703344795248513,0.186245701781806,0.00143794935917474,0
"101","2022.9_Control_5","2022.9","Control","5",0.143732416380118,0.249703032197561,0.000625195373554236,0,0.0280087527352298,0.00143794935917474,0.000125039074710847,0.00231322288215067,0,0.00925289152860269,0.0042513285401688,0.00100031259768678,0.00406376992810253,0.0258830884651454,0.232822757111596,0,0.0324476398874648,0.0733354173179116,0.187496092528915,0.0034385745545483,6.25195373554236e-05
"102","2022.9_Control_6","2022.9","Control","6",0.226383244763988,0.172428884026257,0.000250078149421694,0.000187558612066271,0.0295717411691154,0.000937793060331354,6.25195373554236e-05,0.00118787120975305,6.25195373554236e-05,0.00518912160050016,0.00181306658330728,0.00143794935917474,0.00325101594248203,0.0269459206001875,0.155923726164425,0,0.019631134729603,0.0517661769302905,0.296217567989996,0.00675211003438575,0
"103","2022.9_Warming_1","2022.9","Warming","1",0.147796186308221,0.21487964989059,0.00137542982181932,0,0.0117536730228196,0.000562675836198812,0,0.00350109409190372,0,0.00894029384182557,0.00300093779306033,0.00312597686777118,0.00493904345107846,0.0262582056892779,0.148921537980618,6.25195373554236e-05,0.0256955298530791,0.101719287277274,0.293341669271647,0.00412628946545796,0
"104","2022.9_Warming_2","2022.9","Warming","2",0.0562050640825257,0.324226320725226,0.000812753985620506,0,0.0103782432010003,0.000312597686777118,6.25195373554236e-05,0.000812753985620506,0,0.016380118787121,0.00825257893091591,0.00162550797124101,0.00775242263207252,0.00825257893091591,0.29603000937793,6.25195373554236e-05,0.00706470772116286,0.122038136917787,0.138043138480775,0.0010628321350422,0.000625195373554236
"105","2022.9_Warming_3","2022.9","Warming","3",0.154548296342606,0.195311034698343,0.000750234448265083,6.25195373554236e-05,0.00837761800562676,0.000250078149421694,0,0.00387621131603626,0,0.00675211003438575,0.00418880900281338,0.00375117224132542,0.0045014066895905,0.0190059393560487,0.135667396061269,6.25195373554236e-05,0.0182557049077837,0.105220381369177,0.336167552360112,0.00325101594248203,0
"106","2022.9_Warming_4","2022.9","Warming","4",0.147045951859956,0.189246639574866,0.00162550797124101,6.25195373554236e-05,0.0079399812441388,0.00118787120975305,0,0.00350109409190372,6.25195373554236e-05,0.00950296967802438,0.00468896530165677,0.0042513285401688,0.00337605501719287,0.0201938105658018,0.167989996874022,0,0.0166927164738981,0.102219443576117,0.314848390121913,0.00337605501719287,0.00218818380743982
"107","2022.9_Warming_5","2022.9","Warming","5",0.135229759299781,0.175742419506095,0.000812753985620506,0,0.00531416067521101,0.000250078149421694,0,0.00368865270396999,0,0.0115035948733979,0.00243826195686152,0.00431384807752423,0.00387621131603626,0.0201938105658018,0.136230071897468,0,0.0227571115973742,0.106158174429509,0.367364801500468,0.00412628946545796,0
"108","2022.9_Warming_6","2022.9","Warming","6",0.0600187558612064,0.325351672397623,0.000312597686777118,0,0.0233823069709284,0.000625195373554236,0,0.00137542982181932,0,0.0196936542669584,0.00656455142231947,0.00168802750859644,0.00956548921537981,0.00800250078149422,0.313097843075959,6.25195373554236e-05,0.00518912160050016,0.129853079087214,0.0940293841825569,0.00112535167239762,6.25195373554236e-05
"109","2023.6_Control_1","2023.6","Control","1",0.185120350109408,0.28796498905908,0.00112535167239762,6.25195373554236e-05,0.0348233823069709,0.00225070334479525,6.25195373554236e-05,0.00325101594248203,0,0.0031884964051266,0.00675211003438575,0.0023757424195061,0.00462644576430134,0.028196311347296,0.219443576117535,0,0.0158174429509222,0.0760237574241948,0.125164113785558,0.00375117224132542,0
"110","2023.6_Control_2","2023.6","Control","2",0.195060956548921,0.220944045014066,0.000937793060331354,0,0.021694279462332,0.00143794935917474,6.25195373554236e-05,0.00262582056892779,0,0.00268834010628321,0.00418880900281338,0.00400125039074711,0.00362613316661457,0.0366989684276336,0.171241012816504,0,0.0105658018130666,0.0925289152860265,0.226070647077211,0.0055642388246327,6.25195373554236e-05
"111","2023.6_Control_3","2023.6","Control","3",0.287527352297592,0.193935604876523,0.000375117224132541,6.25195373554236e-05,0.0205064082525789,0.0013129102844639,0.000187558612066271,0.00231322288215067,0.000125039074710847,0.00150046889653017,0.00206314473272898,0.00525164113785558,0.00356361362925914,0.0353860581431697,0.137855579868708,0,0.0280712722725852,0.0815879962488275,0.194060643951234,0.00431384807752423,0
"112","2023.6_Control_4","2023.6","Control","4",0.217693029071584,0.168365114098155,0.000250078149421694,0.000125039074710847,0.0141919349796811,0.00112535167239762,0,0.00156298843388559,0,0.00125039074710847,0.00325101594248203,0.00281337918099406,0.00287589871834948,0.0289465457955611,0.116098780869021,0,0.0127539856205064,0.0788371366051889,0.341169115348546,0.00869021569240388,0
"113","2023.6_Control_5","2023.6","Control","5",0.241137855579868,0.171241012816504,0.00125039074710847,0.000125039074710847,0.0190059393560488,0.00187558612066271,0,0.00143794935917474,6.25195373554236e-05,0.00175054704595186,0.00368865270396999,0.00400125039074711,0.00325101594248203,0.0393247889965613,0.143732416380118,0,0.0738980931541107,0.0770240700218816,0.211441075336042,0.0055642388246327,0.000187558612066271
"114","2023.6_Control_6","2023.6","Control","6",0.174366989684276,0.241825570490777,0.000687714910909659,0,0.0403251015942481,0.00287589871834948,0,0.00281337918099406,0,0.00287589871834949,0.00337605501719287,0.00281337918099406,0.00400125039074711,0.0276336355110972,0.216880275085963,6.25195373554236e-05,0.0491403563613629,0.0988433885589243,0.128165051578618,0.00331353547983745,0
"115","2023.6_Warming_1","2023.6","Warming","1",0.149734291966239,0.223382306970928,0.0013129102844639,0.000125039074710847,0.0108158799624883,0.000375117224132541,0,0.00443888715223507,0,0.0111909971866208,0.00431384807752423,0.00493904345107846,0.00543919974992185,0.0218818380743983,0.14985933104095,6.25195373554236e-05,0.035135979993748,0.117536730228196,0.254704595185995,0.00431384807752423,0.000437636761487965
"116","2023.6_Warming_2","2023.6","Warming","2",0.124601437949359,0.260206314473272,0.000562675836198812,0,0.0076899030947171,0.000375117224132541,0,0.00350109409190372,0,0.0105032822757112,0.00412628946545796,0.00356361362925914,0.00400125039074711,0.0163175992497655,0.186995936230071,0,0.0201312910284464,0.132353860581431,0.220568927789934,0.00368865270396999,0.000812753985620506
"117","2023.6_Warming_3","2023.6","Warming","3",0.0862144420131289,0.340231322288214,0.000687714910909659,0,0.0206939668646452,0.000375117224132541,0,0.00125039074710847,6.25195373554236e-05,0.015942482025633,0.00487652391372304,0.00268834010628321,0.0087527352297593,0.00812753985620506,0.24657705532979,0,0.0128790246952173,0.146295717411691,0.103344795248515,0.00100031259768678,0
"118","2023.6_Warming_4","2023.6","Warming","4",0.205876836511409,0.190246952172553,0.00175054704595186,0,0.0079399812441388,0.000375117224132541,0,0.00200062519537355,0,0.00950296967802438,0.00368865270396999,0.00650203188496405,0.0031884964051266,0.0290090653329166,0.121350422006877,0,0.0234448265082838,0.0982181931853702,0.2893404188809,0.00712722725851829,0.000437636761487965
"119","2023.6_Warming_5","2023.6","Warming","5",0.134917161613004,0.240387621131603,0.00125039074710847,0,0.00950296967802438,0.000437636761487965,6.25195373554236e-05,0.00243826195686152,0,0.013879337292904,0.00593935604876524,0.00550171928727728,0.00581431697405439,0.0158174429509221,0.184370115661143,0,0.0457643013441701,0.143357299155986,0.187371053454204,0.00306345733041576,0.000125039074710847
"120","2023.6_Warming_6","2023.6","Warming","6",0.0602063144732728,0.34710847139731,0.000687714910909659,0,0.0181931853704282,0.000375117224132541,0,0.000750234448265083,0,0.0211316036261332,0.00606439512347609,0.00150046889653017,0.00944045014066896,0.00568927789934355,0.306033135354797,0,0.00625195373554236,0.144357611753673,0.0710847139731165,0.00112535167239762,0
"121","2023.9_Control_1","2023.9","Control","1",0.300906533291652,0.152735229759299,0.000562675836198812,6.25195373554236e-05,0.0180681462957174,0.00087527352297593,6.25195373554236e-05,0.00493904345107846,0,0.00200062519537355,0.00306345733041576,0.00962800875273523,0.00306345733041575,0.0545795561112846,0.139918724601437,0,0.0238824632697718,0.0791497342919659,0.201688027508596,0.00481400437636762,0
"122","2023.9_Control_2","2023.9","Control","2",0.166489527977492,0.191559862457017,0.000687714910909659,0,0.0190059393560488,0.000750234448265083,0,0.0023757424195061,0,0.00400125039074711,0.00537668021256643,0.0045014066895905,0.00512660206314473,0.0324476398874648,0.194123163488589,0,0.0288215067208503,0.0975929978118159,0.243763676148796,0.00331353547983745,6.25195373554236e-05
"123","2023.9_Control_3","2023.9","Control","3",0.187933729290402,0.190059393560487,0.000375117224132541,0.000125039074710847,0.0208190059393561,0.00112535167239762,0,0.00231322288215067,0.000187558612066271,0.00218818380743982,0.00406376992810253,0.0023757424195061,0.00362613316661457,0.0391997499218505,0.209315411065957,0,0.0532041262894655,0.0779618630822129,0.200750234448265,0.00437636761487965,0
"124","2023.9_Control_4","2023.9","Control","4",0.251140981556736,0.110159424820256,0.000312597686777118,0,0.01106595811191,0.000437636761487965,0,0.0013129102844639,0,0.000437636761487965,0.00262582056892779,0.00187558612066271,0.00162550797124101,0.0450140668959049,0.0968427633635508,6.25195373554236e-05,0.00975304782744608,0.0507658643326037,0.40450140668959,0.0120662707095967,0
"125","2023.9_Control_5","2023.9","Control","5",0.273773054079399,0.136730228196311,0.000625195373554236,0,0.0149421694279462,0.00118787120975305,6.25195373554236e-05,0.0021256642700844,0,0.0021256642700844,0.0031884964051266,0.0042513285401688,0.0021256642700844,0.0472022507033447,0.138293216630196,0,0.0289465457955611,0.0692091278524537,0.268646452016254,0.00656455142231948,0
"126","2023.9_Control_6","2023.9","Control","6",0.172116286339481,0.206126914660831,0.00156298843388559,0,0.0256955298530791,0.00100031259768678,0,0.00262582056892779,0.000375117224132541,0.00293841825570491,0.00668959049703033,0.00325101594248203,0.0042513285401688,0.0386370740856517,0.212816505157861,0,0.0176305095342294,0.0912785245389181,0.208315098468271,0.00462644576430135,6.25195373554236e-05
"127","2023.9_Warming_1","2023.9","Warming","1",0.0618318224445138,0.334604563926226,0.000375117224132541,0,0.0165676773991872,0.000625195373554236,0,0.00150046889653017,0,0.0160050015629884,0.00625195373554236,0.00206314473272898,0.0105658018130666,0.00543919974992185,0.2939668646452,6.25195373554236e-05,0.0087527352297593,0.140793998124413,0.0990934667083462,0.00143794935917474,6.25195373554236e-05
"128","2023.9_Warming_2","2023.9","Warming","2",0.151547358549546,0.222381994373241,0.00118787120975305,0,0.0150672085026571,0.000625195373554236,0.000187558612066271,0.00150046889653017,0,0.0133166614567052,0.0042513285401688,0.00468896530165677,0.00518912160050016,0.0152547671147233,0.188121287902469,6.25195373554236e-05,0.0238199437324164,0.122100656455142,0.22663332291341,0.00381369177868084,0.000250078149421694
"129","2023.9_Warming_3","2023.9","Warming","3",0.195185995623632,0.149921850578305,0.000562675836198812,6.25195373554236e-05,0.00650203188496405,0.000312597686777118,0.000125039074710847,0.00418880900281338,0,0.00987808690215693,0.00231322288215067,0.0034385745545483,0.00437636761487965,0.0191309784307596,0.11447327289778,0,0.0150672085026571,0.0892778993435446,0.377305407939981,0.00731478587058456,0.000562675836198812
"130","2023.9_Warming_4","2023.9","Warming","4",0.147358549546733,0.149546733354173,0.000625195373554236,0,0.00550171928727728,0.000250078149421694,0,0.00356361362925914,0,0.00625195373554236,0.0031884964051266,0.00500156298843389,0.0034385745545483,0.0148171303532354,0.121725539231009,0,0.0113785557986871,0.0793372929040322,0.443388558924663,0.00437636761487965,0.000250078149421694
"131","2023.9_Warming_5","2023.9","Warming","5",0.0886527039699904,0.299593623007188,0.000625195373554236,6.25195373554236e-05,0.0202563301031572,0.000375117224132541,0,0.000812753985620506,6.25195373554236e-05,0.0163175992497655,0.00587683651140982,0.00250078149421694,0.00931541106595811,0.00806502031884965,0.277211628633947,0.000187558612066271,0.0107533604251329,0.142231947483588,0.115536105032823,0.00156298843388559,0
"132","2023.9_Warming_6","2023.9","Warming","6",0.148859018443263,0.218068146295717,0.00168802750859644,0,0.0132541419193498,0.000500156298843389,6.25195373554236e-05,0.00481400437636762,0,0.0174429509221632,0.0045014066895905,0.00575179743669897,0.00775242263207252,0.0144420131291028,0.204563926226945,6.25195373554236e-05,0.0156298843388559,0.125914348233823,0.214504532666458,0.0021256642700844,6.25195373554236e-05
